{"cameraMode":{"drawMode":0,"name":"Shaded","section":"Shading Mode"},"sceneLighting":false,"audioPlay":false,"sceneViewState":{"showFog":true,"showMaterialUpdate":false,"showSkybox":false,"showFlares":true,"showImageEffects":true,"showParticleSystems":true},"in2DMode":false,"pivot":{"x":0.0,"y":0.6700000762939453,"z":3.9099998474121095},"rotation":{"x":0.20739415287971497,"y":-0.35979214310646059,"z":0.08226346969604492,"w":0.906005322933197},"size":0.8660253286361694,"orthographic":true}