{"cameraMode":{"drawMode":0,"name":"Shaded","section":"Shading Mode"},"sceneLighting":true,"audioPlay":false,"sceneViewState":{"showFog":true,"showMaterialUpdate":false,"showSkybox":true,"showFlares":true,"showImageEffects":true,"showParticleSystems":true},"in2DMode":false,"pivot":{"x":0.5238913297653198,"y":-51.74961471557617,"z":-1.834015965461731},"rotation":{"x":-0.6963469982147217,"y":0.07966681569814682,"z":-0.0782611072063446,"w":-0.7089982032775879},"size":42.00698471069336,"orthographic":false}